{
  "lambda-basic-execution": {
    "policy_content": {
      "Statement": [
        {
          "Action": [
            "logs:CreateLogGroup",
            "logs:CreateLogStream",
            "logs:PutLogEvents",
            "dynamodb:GetItem",
            "dynamodb:Query",
            "dynamodb:PutItem",
            "dynamodb:Batch*",
            "dynamodb:DeleteItem",
            "dynamodb:GetShardIterator",
            "dynamodb:DescribeStream",
            "dynamodb:ListStreams",
            "dynamodb:GetRecords",
            "ssm:PutParameter",
            "ssm:GetParameter",
            "kms:Decrypt"
          ],
          "Effect": "Allow",
          "Resource": "*"
        }
      ],
      "Version": "2012-10-17"
    },
    "resource_type": "iam_policy",
    "tags": {}
  },
  "Configuration": {
    "resource_type": "dynamodb_table",
    "hash_key_name": "key",
    "hash_key_type": "S",
    "read_capacity": 1,
    "write_capacity": 1,
    "global_indexes": [],
    "autoscaling": [],
    "tags": {}
  },
  "${target_table}": {
    "resource_type": "dynamodb_table",
    "hash_key_name": "id",
    "hash_key_type": "S",
    "read_capacity": 1,
    "write_capacity": 1,
    "global_indexes": [],
    "autoscaling": [],
    "tags": {}
  },
  "audit_producer-role": {
    "predefined_policies": [],
    "principal_service": "lambda",
    "custom_policies": [
      "lambda-basic-execution"
    ],
    "resource_type": "iam_role",
    "tags": {}
  }
}